Date,Longitude,Latitude,Depth,Magnitude
2016-01-01,10.66556848187206,-30.223271977719733,31.114133933676854,5.961188605283472
2016-01-01,10.66556848187206,-30.223271977719733,31.114133933676854,5.961188605283472
2016-01-02,39.95398943655552,-3.3862520388198343,233.26225122577648,5.960130002153266
2016-01-03,109.59159301533487,39.70356074454654,294.3162158912049,6.243086234580331
2016-01-05,43.17054060383276,-3.518017216714334,98.54509662643873,5.818832606712559
2016-01-05,43.17054060383276,-3.518017216714334,98.54509662643873,5.818832606712559
2016-01-05,43.17054060383276,-3.518017216714334,98.54509662643873,5.818832606712559
2016-01-08,-83.81826946438534,-35.210974751353966,17.871764899316037,5.734211373210152
2016-01-10,-149.76799517082134,-58.78067566066942,7.351935039982266,5.596105475812287
2016-01-11,87.43182612469627,11.584079652081751,104.38154270381675,6.097042738601063
2016-01-11,87.43182612469627,11.584079652081751,104.38154270381675,6.097042738601063
2016-01-12,79.09399264926287,7.83871419298511,118.1579073061761,6.0590701660981585
2016-01-12,79.09399264926287,7.83871419298511,118.1579073061761,6.0590701660981585
2016-01-13,-42.6715061671908,-8.53545714697477,165.23121503897607,5.825122053700119
2016-01-14,23.49275889926742,-6.71941815148662,143.61867515308813,5.898544804995335
2016-01-14,23.49275889926742,-6.71941815148662,143.61867515308813,5.898544804995335
2016-01-14,23.49275889926742,-6.71941815148662,143.61867515308813,5.898544804995335
2016-01-14,23.49275889926742,-6.71941815148662,143.61867515308813,5.898544804995335
2016-01-14,23.49275889926742,-6.71941815148662,143.61867515308813,5.898544804995335
2016-01-16,130.4001172039482,-3.1662459749853498,-9.520957832414103,5.595115531222719
2016-01-18,173.9293301486937,-23.181736791888728,13.62549777051943,5.7935956190781095
2016-01-19,125.7661274759256,7.634255437717766,23.63663807299716,5.694863903475401
2016-01-20,101.63851633099432,30.606520188784508,22.499189654527207,5.745503689591159
2016-01-21,-80.72588266156822,-0.48309721366119884,54.09042218484366,5.989264177976976
2016-01-21,-80.72588266156822,-0.48309721366119884,54.09042218484366,5.989264177976976
2016-01-22,-0.7977566359806438,-8.256453513637517,61.16960235198163,5.894859377606782
2016-01-24,-233.71337662425285,70.7992053550125,133.95737057690417,7.076715488200654
2016-01-25,30.602404592019788,-0.24916201748625189,46.58314249880572,6.1329057911290095
2016-01-25,30.602404592019788,-0.24916201748625189,46.58314249880572,6.1329057911290095
2016-01-25,30.602404592019788,-0.24916201748625189,46.58314249880572,6.1329057911290095
2016-01-26,55.79017342878773,3.8953382117840936,39.83419235369362,5.8100754226959825
2016-01-26,55.79017342878773,3.8953382117840936,39.83419235369362,5.8100754226959825
2016-01-27,80.91814828871776,-1.2841741366945394,28.170894506850903,5.758488427628602
2016-01-30,157.3306407139751,27.98411483574657,88.52133297921313,6.376582592224215
2016-01-30,157.3306407139751,27.98411483574657,88.52133297921313,6.376582592224215
2016-01-31,131.2708698950207,-12.746449465337575,42.020977735194535,6.093293226674515
2016-01-31,131.2708698950207,-12.746449465337575,42.020977735194535,6.093293226674515
2016-02-01,22.403930064741054,-30.842698783053137,152.20710191654786,5.991317154156747
2016-02-02,-23.228355742026064,7.669375333743703,293.90831564317546,5.951444661526481
2016-02-05,144.27671858487102,28.88076008591631,36.024251487654894,6.427851514864019
2016-02-06,135.30069215004795,-4.2768566962301655,26.443051998801124,6.018588255889214
2016-02-07,-30.109753499936872,-15.577161930747701,36.3722742232797,5.742666136423944
2016-02-08,13.112010246435933,-6.339373837531312,43.70383879605007,6.095127862265216
2016-02-10,-131.4122122484872,-33.18142741388974,32.32098590665947,6.278584580859824
2016-02-12,151.01044615611426,-4.7653851318528915,34.57818849458478,6.28580245529147
2016-02-14,154.61510609947985,-5.222216039849325,233.1605108613095,5.745007794425933
2016-02-14,154.61510609947985,-5.222216039849325,233.1605108613095,5.745007794425933
2016-02-15,45.589170436779,-22.506857798736892,62.271086873721195,5.846686953687283
2016-02-15,45.589170436779,-22.506857798736892,62.271086873721195,5.846686953687283
2016-02-16,-60.52622911485962,-33.58114700707545,18.020975710634332,5.9185704985966945
2016-02-16,-60.52622911485962,-33.58114700707545,18.020975710634332,5.9185704985966945
2016-02-17,6.021766208148392,-17.546974499939278,38.20305564503975,5.928201985096977
2016-02-18,59.81689782548677,-28.108725202498132,64.32429431496507,5.792619638918438
2016-02-20,-180.94776294957032,-9.177546504647172,623.1805534945405,5.809691079361162
2016-02-21,24.629345811454485,1.1808011212914176,64.30387446904265,5.64175120795076
2016-02-21,24.629345811454485,1.1808011212914176,64.30387446904265,5.64175120795076
2016-02-22,-1.7954950441554045,-4.197050527655382,36.138586463756376,5.689445123547658
2016-02-23,37.12219311344671,-51.67536773633234,41.76078258544763,5.888519732371279
2016-02-26,184.47140532172037,-79.6705430910817,0.4953095492646211,5.734371449105396
2016-02-27,116.76540169504898,-42.5820393381903,20.368710387890978,5.880762330558219
2016-02-28,121.15554305822883,-15.49522528443272,109.23817818793809,5.796804407465559
2016-03-01,-224.59198408073934,-42.17721765520988,-27.65883650400945,5.597318755274821
2016-03-02,37.38595253066346,-9.184803740695248,48.75561977955916,6.690286241688157
2016-03-03,130.44779086116642,-4.034941967440836,24.596457966353146,6.0796915220008385
2016-03-03,130.44779086116642,-4.034941967440836,24.596457966353146,6.0796915220008385
2016-03-03,130.44779086116642,-4.034941967440836,24.596457966353146,6.0796915220008385
2016-03-03,130.44779086116642,-4.034941967440836,24.596457966353146,6.0796915220008385
2016-03-05,-224.82872336965508,-35.87070782797527,12.972341745753528,5.497588767883217
2016-03-08,-230.22683805056442,-22.420920334781428,18.517337327273363,5.925303138719049
2016-03-12,-198.43278772589824,56.87450128166184,7.613599452276192,5.969833334105347
2016-03-12,-198.43278772589824,56.87450128166184,7.613599452276192,5.969833334105347
2016-03-14,86.21096930249186,-39.82359496714686,116.28345167069988,5.558621408447647
2016-03-14,86.21096930249186,-39.82359496714686,116.28345167069988,5.558621408447647
2016-03-14,86.21096930249186,-39.82359496714686,116.28345167069988,5.558621408447647
2016-03-16,131.95933093515853,10.271826884790858,0.7654645679371752,5.500490041294404
2016-03-18,50.84954976154164,18.825855603299587,27.233141990338613,5.548042927963443
2016-03-18,50.84954976154164,18.825855603299587,27.233141990338613,5.548042927963443
2016-03-18,50.84954976154164,18.825855603299587,27.233141990338613,5.548042927963443
2016-03-18,50.84954976154164,18.825855603299587,27.233141990338613,5.548042927963443
2016-03-19,8.77860351153894,15.136608644731272,57.20063550045966,5.684084522119287
2016-03-19,8.77860351153894,15.136608644731272,57.20063550045966,5.684084522119287
2016-03-19,8.77860351153894,15.136608644731272,57.20063550045966,5.684084522119287
2016-03-19,8.77860351153894,15.136608644731272,57.20063550045966,5.684084522119287
2016-03-20,3.4836098269700067,25.434239968493184,70.63130283421665,5.933294383217042
2016-03-21,135.63734969607086,39.704592569586865,13.902877574159303,5.98902581919196
2016-03-26,71.69168975876232,-3.8880330876346045,3.614665051430655,5.623112276463937
2016-03-27,-70.99254354073605,28.579898586023067,24.074680506621178,5.6825977173829765
2016-03-28,-102.05839405674547,12.956485820244682,23.87280997333742,5.571919008193857
2016-03-28,-102.05839405674547,12.956485820244682,23.87280997333742,5.571919008193857
2016-03-28,-102.05839405674547,12.956485820244682,23.87280997333742,5.571919008193857
2016-03-29,-13.674243739377948,4.626910631935793,32.89800557227608,5.498735819727756
2016-04-01,166.09737155074856,16.396226318222094,4.156893062089848,6.0820559349918275
2016-04-01,166.09737155074856,16.396226318222094,4.156893062089848,6.0820559349918275
2016-04-02,8.031765366105123,27.558621755561084,21.570162187899875,5.9723315914677775
2016-04-03,16.695013214146528,16.366709939311438,24.91239172700784,6.384706703985666
2016-04-05,88.15109888408603,12.987530074265582,39.841804998006005,5.883961324136564
2016-04-06,143.79816935692105,-13.152233600275874,49.079199829427516,5.976311694876033
2016-04-06,143.79816935692105,-13.152233600275874,49.079199829427516,5.976311694876033
2016-04-06,143.79816935692105,-13.152233600275874,49.079199829427516,5.976311694876033
2016-04-06,143.79816935692105,-13.152233600275874,49.079199829427516,5.976311694876033
2016-04-06,143.79816935692105,-13.152233600275874,49.079199829427516,5.976311694876033
2016-04-07,139.67534946217415,-9.404165292601473,45.606545658808145,6.1054782601981
2016-04-10,85.42337730072083,25.054385837062014,70.19268939391877,5.8892287380101935
2016-04-10,85.42337730072083,25.054385837062014,70.19268939391877,5.8892287380101935
2016-04-10,85.42337730072083,25.054385837062014,70.19268939391877,5.8892287380101935
2016-04-10,85.42337730072083,25.054385837062014,70.19268939391877,5.8892287380101935
2016-04-11,84.5712079582986,25.39303385801448,61.34409439542294,5.778917199426787
2016-04-12,64.21024931353253,-9.373896385073806,11.083856923186877,5.626050732007782
2016-04-12,64.21024931353253,-9.373896385073806,11.083856923186877,5.626050732007782
2016-04-13,62.815936268944604,-2.5542260744753977,56.35469370673369,6.042034124702733
2016-04-13,62.815936268944604,-2.5542260744753977,56.35469370673369,6.042034124702733
2016-04-14,145.43703162304124,18.04749464283735,45.914458515589445,6.088953064681113
2016-04-14,145.43703162304124,18.04749464283735,45.914458515589445,6.088953064681113
2016-04-14,145.43703162304124,18.04749464283735,45.914458515589445,6.088953064681113
2016-04-14,145.43703162304124,18.04749464283735,45.914458515589445,6.088953064681113
2016-04-14,145.43703162304124,18.04749464283735,45.914458515589445,6.088953064681113
2016-04-14,145.43703162304124,18.04749464283735,45.914458515589445,6.088953064681113
2016-04-15,98.83106402796935,14.388377592248613,33.186863280284,5.968645395394265
2016-04-15,98.83106402796935,14.388377592248613,33.186863280284,5.968645395394265
2016-04-15,98.83106402796935,14.388377592248613,33.186863280284,5.968645395394265
2016-04-15,98.83106402796935,14.388377592248613,33.186863280284,5.968645395394265
2016-04-15,98.83106402796935,14.388377592248613,33.186863280284,5.968645395394265
2016-04-16,20.471414379617674,9.764602799241457,28.97692415847806,6.158527687608338
2016-04-16,20.471414379617674,9.764602799241457,28.97692415847806,6.158527687608338
2016-04-17,-103.1040048746878,-11.459601078747042,20.085047791390302,5.972653629599288
2016-04-17,-103.1040048746878,-11.459601078747042,20.085047791390302,5.972653629599288
2016-04-17,-103.1040048746878,-11.459601078747042,20.085047791390302,5.972653629599288
2016-04-17,-103.1040048746878,-11.459601078747042,20.085047791390302,5.972653629599288
2016-04-18,21.652742712070584,2.5742628221452635,34.61797878808191,5.6650042688251165
2016-04-18,21.652742712070584,2.5742628221452635,34.61797878808191,5.6650042688251165
2016-04-19,48.26815090811604,-12.420380793325,30.49990097857021,5.792053972650319
2016-04-19,48.26815090811604,-12.420380793325,30.49990097857021,5.792053972650319
2016-04-20,-50.907934518352945,2.784274725439069,19.92618903704882,5.90709953915234
2016-04-20,-50.907934518352945,2.784274725439069,19.92618903704882,5.90709953915234
2016-04-20,-50.907934518352945,2.784274725439069,19.92618903704882,5.90709953915234
2016-04-20,-50.907934518352945,2.784274725439069,19.92618903704882,5.90709953915234
2016-04-22,-84.01139268782569,-4.859677783695968,13.014966219973537,5.9385058091827965
2016-04-22,-84.01139268782569,-4.859677783695968,13.014966219973537,5.9385058091827965
2016-04-23,-60.98905675996671,1.8960717740317254,18.217944441470827,5.859255263557974
2016-04-24,-85.22453798733346,-28.733098946452515,22.53685824676788,5.627233046124976
2016-04-24,-85.22453798733346,-28.733098946452515,22.53685824676788,5.627233046124976
2016-04-25,-87.1575942768304,-14.887616937979647,22.12870087047903,5.730268014856702
2016-04-26,49.553951284004285,8.836002038093703,72.46985710788594,5.795032984035907
2016-04-27,43.12818633458123,7.99414197361771,38.92727147454008,5.691448058405918
2016-04-27,43.12818633458123,7.99414197361771,38.92727147454008,5.691448058405918
2016-04-28,60.29192395088027,5.41166190735767,18.36189205825687,6.1539953125683775
2016-04-29,26.465722173911026,-3.8005312171406773,24.62161306128519,6.77600999715931
2016-04-30,39.23607887904697,-1.1283481434988425,13.656501289338882,6.1824641400954246
2016-05-02,-53.016795829961794,-0.9370580483134539,76.2081718895498,5.644626508074679
2016-05-02,-53.016795829961794,-0.9370580483134539,76.2081718895498,5.644626508074679
2016-05-03,26.911657473828683,-7.1758578143340905,44.27887605508847,5.626518357122426
2016-05-03,26.911657473828683,-7.1758578143340905,44.27887605508847,5.626518357122426
2016-05-04,65.48046015165255,-8.996882868399865,35.599690054285254,5.6297954630251965
2016-05-05,23.533083440150364,-1.5809826572126817,19.61718526909996,5.595576444300042
2016-05-05,23.533083440150364,-1.5809826572126817,19.61718526909996,5.595576444300042
2016-05-07,-99.57510729630664,19.09495849407767,16.80561982299176,5.598243746349726
2016-05-08,-76.91564036157209,13.347841362379453,23.229238902192435,5.695355287924418
2016-05-09,61.470317768599465,-29.338730904719657,21.132652851672947,5.643034447327951
2016-05-12,151.02511504967347,17.711347487566417,-0.7646712690221635,5.785886729438246
2016-05-12,151.02511504967347,17.711347487566417,-0.7646712690221635,5.785886729438246
2016-05-13,105.84242122737265,7.002938600972842,157.6551084886658,5.630140698427971
2016-05-13,105.84242122737265,7.002938600972842,157.6551084886658,5.630140698427971
2016-05-14,29.978450429530206,4.035113781570672,156.7507244164761,5.633075833215686
2016-05-16,86.94556154707826,-10.162224292013242,42.143357058970786,5.645896393184719
2016-05-16,86.94556154707826,-10.162224292013242,42.143357058970786,5.645896393184719
2016-05-18,-92.54668439673623,2.116334969153581,26.84965478954887,6.780776803260305
2016-05-18,-92.54668439673623,2.116334969153581,26.84965478954887,6.780776803260305
2016-05-20,165.94366304652146,-28.696564583348145,17.06688402574261,5.984491702886269
2016-05-21,95.4911636298209,11.957208455067425,77.45495273537084,5.742571269804744
2016-05-27,27.164702726864434,11.97238278048274,206.87338986163456,5.955290183262537
2016-05-27,27.164702726864434,11.97238278048274,206.87338986163456,5.955290183262537
2016-05-27,27.164702726864434,11.97238278048274,206.87338986163456,5.955290183262537
2016-05-28,-28.98688225188997,-13.736717843377004,186.5895755954183,6.355543355993255
2016-05-28,-28.98688225188997,-13.736717843377004,186.5895755954183,6.355543355993255
2016-05-30,-166.82564542348007,-21.99371256621815,15.942280570660039,5.693062117368637
2016-05-31,32.594376155505124,32.145122196535915,121.92913752543083,5.923579820400088
2016-05-31,32.594376155505124,32.145122196535915,121.92913752543083,5.923579820400088
2016-05-31,32.594376155505124,32.145122196535915,121.92913752543083,5.923579820400088
2016-06-01,-7.453535639407683,8.836874062201694,71.44199766055021,6.00393602194436
2016-06-01,-7.453535639407683,8.836874062201694,71.44199766055021,6.00393602194436
2016-06-02,-69.73901124234156,-8.28672311527601,30.336098773177397,5.95472444056245
2016-06-05,-69.71841069758075,-17.306552579111866,153.5502888772254,5.9309760045699855
2016-06-05,-69.71841069758075,-17.306552579111866,153.5502888772254,5.9309760045699855
2016-06-05,-69.71841069758075,-17.306552579111866,153.5502888772254,5.9309760045699855
2016-06-06,-61.95689570191515,-19.38967552412316,84.61845161915511,5.844281761897021
2016-06-06,-61.95689570191515,-19.38967552412316,84.61845161915511,5.844281761897021
2016-06-07,-9.823964195556375,-7.505878337395133,24.81514124492285,5.860883225425989
2016-06-07,-9.823964195556375,-7.505878337395133,24.81514124492285,5.860883225425989
2016-06-07,-9.823964195556375,-7.505878337395133,24.81514124492285,5.860883225425989
2016-06-07,-9.823964195556375,-7.505878337395133,24.81514124492285,5.860883225425989
2016-06-08,-2.589875132522746,-1.8682938085202239,35.29251617893699,5.890003597345269
2016-06-09,7.431408648793262,-9.426486002543168,19.902478813927285,5.988680578479692
2016-06-10,0.4509464296210499,-4.651558282538123,22.5586814946491,5.929967100363094
2016-06-10,0.4509464296210499,-4.651558282538123,22.5586814946491,5.929967100363094
2016-06-10,0.4509464296210499,-4.651558282538123,22.5586814946491,5.929967100363094
2016-06-10,0.4509464296210499,-4.651558282538123,22.5586814946491,5.929967100363094
2016-06-13,-0.9764496469058752,11.064761848145018,-3.6739282515421205,5.684286966354214
2016-06-13,-0.9764496469058752,11.064761848145018,-3.6739282515421205,5.684286966354214
2016-06-14,96.3893555851856,4.691796632466966,49.25663933339242,5.756160141603304
2016-06-14,96.3893555851856,4.691796632466966,49.25663933339242,5.756160141603304
2016-06-15,150.2992012232665,-21.17743382871587,42.82244427764166,5.823886552725221
2016-06-16,146.7285371261534,-39.128380279096106,8.258357329529009,5.693344481358065
2016-06-17,152.82574126904024,-6.425045107289646,40.107027975587414,5.697982080423009
2016-06-18,24.247671122042632,-20.401099137284895,126.9093297197154,5.696722057989527
2016-06-19,91.12121122514742,-5.414101636122249,54.065817411110665,5.865246853768424
2016-06-19,91.12121122514742,-5.414101636122249,54.065817411110665,5.865246853768424
2016-06-20,155.15887345909545,-7.326717903052938,16.70546961163219,5.956409806576875
2016-06-21,64.7470623329719,1.1530843595157534,149.4409685369526,6.120910227133801
2016-06-21,64.7470623329719,1.1530843595157534,149.4409685369526,6.120910227133801
2016-06-23,40.785078990884436,-24.13296532983804,-21.143498501803627,5.6437364995765
2016-06-23,40.785078990884436,-24.13296532983804,-21.143498501803627,5.6437364995765
2016-06-24,0.5049047886997116,-15.62567564324564,78.57968652772875,5.5985091645813565
2016-06-25,-52.524666022822586,20.013077614991776,64.95141953277326,5.501795293223627
2016-06-26,88.95203488981713,40.66466697697279,6.6440182856891346,5.861237223248745
2016-06-26,88.95203488981713,40.66466697697279,6.6440182856891346,5.861237223248745
2016-06-27,21.453936378140813,22.113627045717205,26.602536483130752,5.917373867442787
2016-06-28,52.54002317336185,11.145111378218422,18.622984157472416,5.659600918191315
2016-06-28,52.54002317336185,11.145111378218422,18.622984157472416,5.659600918191315
2016-06-30,155.9894309588142,-20.08757769099512,32.776977901621606,5.988331928567205
2016-07-04,180.62155150179143,-12.723409713550444,40.94579724068736,5.919511617145184
2016-07-06,-190.36620251006946,-61.35685556518604,8.178744937603598,5.791814270682838
2016-07-08,-60.85141845045266,10.330090015454433,15.55851268223388,5.5001753188854225
2016-07-10,-59.39214976176106,-22.636446468259408,57.3080433671506,5.744618691670478
2016-07-10,-59.39214976176106,-22.636446468259408,57.3080433671506,5.744618691670478
2016-07-10,-59.39214976176106,-22.636446468259408,57.3080433671506,5.744618691670478
2016-07-10,-59.39214976176106,-22.636446468259408,57.3080433671506,5.744618691670478
2016-07-11,-67.6360020825978,-8.187986938770145,34.34014834093411,5.860182917030388
2016-07-11,-67.6360020825978,-8.187986938770145,34.34014834093411,5.860182917030388
2016-07-12,13.829298052661372,-0.47033639771388724,32.0465935256343,5.924665503466592
2016-07-13,-131.06130167614546,-27.83930613083113,21.03242138173536,5.888095636159013
2016-07-13,-131.06130167614546,-27.83930613083113,21.03242138173536,5.888095636159013
2016-07-13,-131.06130167614546,-27.83930613083113,21.03242138173536,5.888095636159013
2016-07-13,-131.06130167614546,-27.83930613083113,21.03242138173536,5.888095636159013
2016-07-15,-70.65420412324914,9.733857232974275,23.226870342668143,5.548302008040785
2016-07-15,-70.65420412324914,9.733857232974275,23.226870342668143,5.548302008040785
2016-07-19,-84.87626327807044,-34.733342684645294,-0.005942033502135402,5.819571009723498
2016-07-20,88.47558752178941,-17.339972449860138,110.3081758373234,5.933535838393598
2016-07-23,-25.57589829483018,18.8526214039962,155.47868800610115,5.700276201388569
2016-07-23,-25.57589829483018,18.8526214039962,155.47868800610115,5.700276201388569
2016-07-23,-25.57589829483018,18.8526214039962,155.47868800610115,5.700276201388569
2016-07-23,-25.57589829483018,18.8526214039962,155.47868800610115,5.700276201388569
2016-07-23,-25.57589829483018,18.8526214039962,155.47868800610115,5.700276201388569
2016-07-24,-18.705477944513113,11.665093427954297,96.90281430080992,5.652515098770491
2016-07-25,76.75855404094673,-31.360370812303668,14.046519855013837,5.890893427938784
2016-07-25,76.75855404094673,-31.360370812303668,14.046519855013837,5.890893427938784
2016-07-25,76.75855404094673,-31.360370812303668,14.046519855013837,5.890893427938784
2016-07-25,76.75855404094673,-31.360370812303668,14.046519855013837,5.890893427938784
2016-07-26,65.66391533500996,-15.72294460803999,40.63080575606182,5.906530602804309
2016-07-26,65.66391533500996,-15.72294460803999,40.63080575606182,5.906530602804309
2016-07-27,9.096319859058426,-18.106461651498748,21.061849488873882,5.858823318307474
2016-07-29,197.5461675206422,33.259245579858906,218.6649109008273,6.640257042004302
2016-07-29,197.5461675206422,33.259245579858906,218.6649109008273,6.640257042004302
2016-07-30,107.65521623055216,-1.196996190908385,101.4243226261178,6.277020160413638
2016-07-31,63.18210454338301,-27.201277101530433,45.89864555681264,5.692661006558045
2016-07-31,63.18210454338301,-27.201277101530433,45.89864555681264,5.692661006558045
2016-08-01,58.7580470074271,-23.372069535939623,56.55304855248407,5.6995243550529615
2016-08-02,24.885788013399704,-39.80061937500244,25.317485708250057,5.597940948884689
2016-08-04,58.84153360999779,15.73353944010605,428.51587335893856,6.249690821968845
2016-08-04,58.84153360999779,15.73353944010605,428.51587335893856,6.249690821968845
2016-08-05,40.5869518201856,-17.08053098340248,178.80533742244688,5.991967520580265
2016-08-12,-5.535780926043826,-27.27494268600062,60.70151924784611,6.65937445158258
2016-08-12,-5.535780926043826,-27.27494268600062,60.70151924784611,6.65937445158258
2016-08-14,57.266195094173305,32.51259219729797,30.26066523553062,5.5942363520655665
2016-08-14,57.266195094173305,32.51259219729797,30.26066523553062,5.5942363520655665
2016-08-14,57.266195094173305,32.51259219729797,30.26066523553062,5.5942363520655665
2016-08-15,33.9642153363898,9.656773650153616,35.483108792613066,5.575404769897395
2016-08-15,33.9642153363898,9.656773650153616,35.483108792613066,5.575404769897395
2016-08-18,-41.99604856342605,-48.336973980223554,-1.7395685661748006,5.766149748337017
2016-08-18,-41.99604856342605,-48.336973980223554,-1.7395685661748006,5.766149748337017
2016-08-18,-41.99604856342605,-48.336973980223554,-1.7395685661748006,5.766149748337017
2016-08-19,-17.102261845046968,-41.60610872489958,21.333141833139408,5.925360478099386
2016-08-19,-17.102261845046968,-41.60610872489958,21.333141833139408,5.925360478099386
2016-08-19,-17.102261845046968,-41.60610872489958,21.333141833139408,5.925360478099386
2016-08-19,-17.102261845046968,-41.60610872489958,21.333141833139408,5.925360478099386
2016-08-20,61.42816351909698,-15.38773305081409,17.121334005201106,5.949508799684069
2016-08-20,61.42816351909698,-15.38773305081409,17.121334005201106,5.949508799684069
2016-08-20,61.42816351909698,-15.38773305081409,17.121334005201106,5.949508799684069
2016-08-21,101.28434165299166,1.3607376774150617,18.093496217679597,5.840370962820201
2016-08-22,34.2238922627686,-17.573419678724512,225.41218159365758,5.84281917221962
2016-08-23,141.99681987091347,10.268932877722051,474.3961672735807,5.805186267745991
2016-08-23,141.99681987091347,10.268932877722051,474.3961672735807,5.805186267745991
2016-08-24,45.56985178419919,12.885529692910437,92.04557212125796,5.9959473264742895
2016-08-24,45.56985178419919,12.885529692910437,92.04557212125796,5.9959473264742895
2016-08-24,45.56985178419919,12.885529692910437,92.04557212125796,5.9959473264742895
2016-08-24,45.56985178419919,12.885529692910437,92.04557212125796,5.9959473264742895
2016-08-25,76.4217078922116,26.180677444850748,136.34243517986835,6.010260676459392
2016-08-28,167.08597401924789,0.8622833108627157,94.69699076519656,5.538711013889963
2016-08-29,27.58628192535734,-0.4990833919312978,25.617293538143016,6.273712451454987
2016-08-31,208.73392105629713,-22.628646912821225,282.908840233073,6.2831085032607135
2016-08-31,208.73392105629713,-22.628646912821225,282.908840233073,6.2831085032607135
2016-09-01,125.44490273265666,-27.540219218314103,-10.316457974884464,5.8465662556243725
2016-09-01,125.44490273265666,-27.540219218314103,-10.316457974884464,5.8465662556243725
2016-09-01,125.44490273265666,-27.540219218314103,-10.316457974884464,5.8465662556243725
2016-09-01,125.44490273265666,-27.540219218314103,-10.316457974884464,5.8465662556243725
2016-09-01,125.44490273265666,-27.540219218314103,-10.316457974884464,5.8465662556243725
2016-09-01,125.44490273265666,-27.540219218314103,-10.316457974884464,5.8465662556243725
2016-09-01,125.44490273265666,-27.540219218314103,-10.316457974884464,5.8465662556243725
2016-09-01,125.44490273265666,-27.540219218314103,-10.316457974884464,5.8465662556243725
2016-09-01,125.44490273265666,-27.540219218314103,-10.316457974884464,5.8465662556243725
2016-09-02,101.69409719663665,-30.083907839601007,37.685521151396955,5.704609336974228
2016-09-02,101.69409719663665,-30.083907839601007,37.685521151396955,5.704609336974228
2016-09-03,-78.3239659997077,12.065612153609933,24.22693586851837,5.5879342586804635
2016-09-03,-78.3239659997077,12.065612153609933,24.22693586851837,5.5879342586804635
2016-09-03,-78.3239659997077,12.065612153609933,24.22693586851837,5.5879342586804635
2016-09-04,54.89723444234961,22.903758535164904,24.45600433109901,5.684225512605855
2016-09-05,168.27806763344014,1.2420420411505861,21.788565616755626,5.9210457717760825
2016-09-05,168.27806763344014,1.2420420411505861,21.788565616755626,5.9210457717760825
2016-09-06,141.85434644691202,3.4538928440904804,28.88643086881806,5.854357762875567
2016-09-08,146.09593531445537,-57.016703061930066,6.647577741987048,6.0906457671509
2016-09-09,22.962161914432706,-30.908327195602283,102.2678373761474,5.8446933656072675
2016-09-10,-33.96599435573478,-7.48940701879615,100.15709609516499,5.866340233139141
2016-09-10,-33.96599435573478,-7.48940701879615,100.15709609516499,5.866340233139141
2016-09-12,-120.62705738732731,-32.95108537963702,6.9417411782721565,5.790454459350011
2016-09-14,71.55754248248493,4.380858407889727,23.946666747816774,5.991860703100668
2016-09-14,71.55754248248493,4.380858407889727,23.946666747816774,5.991860703100668
2016-09-15,-28.578920497844734,0.1475180930306652,17.50627431794677,5.885856198652362
2016-09-16,-4.679043480032063,-10.796968196995293,16.523250780843625,5.595522210791231
2016-09-17,138.4719006356926,-11.263111166124803,35.65246487775763,5.696703484986111
2016-09-17,138.4719006356926,-11.263111166124803,35.65246487775763,5.696703484986111
2016-09-17,138.4719006356926,-11.263111166124803,35.65246487775763,5.696703484986111
2016-09-18,113.23998680593539,-3.6558648933864557,27.993197553640947,5.766718235799101
2016-09-20,133.64282434806,34.131735950039804,16.673960287453777,6.089660361893661
2016-09-22,-21.10765854536492,-51.248729947707844,14.446790579407754,5.541601847979677
2016-09-22,-21.10765854536492,-51.248729947707844,14.446790579407754,5.541601847979677
2016-09-23,87.4947247120661,19.36391789429657,45.5764951278781,5.842979038071269
2016-09-23,87.4947247120661,19.36391789429657,45.5764951278781,5.842979038071269
2016-09-23,87.4947247120661,19.36391789429657,45.5764951278781,5.842979038071269
2016-09-24,-9.962107328283508,-4.360978930190041,133.1064474225576,6.062992725630444
2016-09-24,-9.962107328283508,-4.360978930190041,133.1064474225576,6.062992725630444
2016-09-24,-9.962107328283508,-4.360978930190041,133.1064474225576,6.062992725630444
2016-09-24,-9.962107328283508,-4.360978930190041,133.1064474225576,6.062992725630444
2016-09-24,-9.962107328283508,-4.360978930190041,133.1064474225576,6.062992725630444
2016-09-25,-70.29554991140452,-20.273299585907758,126.60950775693732,6.00868269081484
2016-09-26,-1.3107042380827654,3.2944440301632825,7.693712703634807,5.648287037044546
2016-09-28,-141.78590713434593,4.241424348446053,3.3085899090892514,5.491381719889761
2016-09-29,-54.26731386322937,-13.502597939993,20.760520694642384,5.502535170815871
2016-10-01,-172.3480958026087,-16.356673878552463,15.436358294481511,5.599074395149519
2016-10-04,122.90029454907213,26.942515884822406,22.977800343489992,5.729916536600617
2016-10-05,20.65914842704509,10.127325845524604,26.363031107230473,5.57905121675928
2016-10-06,-0.9529982336175227,7.602388923899694,16.46035708616367,5.630956132214681
2016-10-06,-0.9529982336175227,7.602388923899694,16.46035708616367,5.630956132214681
2016-10-08,42.8968506244902,-42.960748265276905,29.001335356105095,5.692591129589167
2016-10-08,42.8968506244902,-42.960748265276905,29.001335356105095,5.692591129589167
2016-10-09,65.31408849497217,-12.903136297361524,64.06430436300633,5.730681812084588
2016-10-10,-43.13126194751301,-4.836508495331346,67.43097415297957,5.696233197575132
2016-10-12,231.95506968862574,-2.142077858422137,29.38262231383102,5.600747417236064
2016-10-13,-49.43950249318809,-23.21839922493279,11.51621432754601,5.5388024260573525
2016-10-15,138.80517180005364,28.961083824762966,262.57312692753794,5.902703438587533
2016-10-15,138.80517180005364,28.961083824762966,262.57312692753794,5.902703438587533
2016-10-17,120.24746107657677,11.716752344865633,5.627387431310098,6.336159923112879
2016-10-17,120.24746107657677,11.716752344865633,5.627387431310098,6.336159923112879
2016-10-18,-22.08435703964881,3.8324304980393253,235.92103085916966,6.0362129466617045
2016-10-18,-22.08435703964881,3.8324304980393253,235.92103085916966,6.0362129466617045
2016-10-19,-29.197817391224422,-4.336086701066931,427.99660582229274,6.033873863999424
2016-10-20,89.61160268481507,13.34249495739069,162.98112385519448,5.932990660479646
2016-10-20,89.61160268481507,13.34249495739069,162.98112385519448,5.932990660479646
2016-10-21,57.73858496629652,22.574760488456516,31.96488746237943,5.790009478015385
2016-10-23,-4.956719178966549,26.826115470627414,32.526764531601245,5.737492248597901
2016-10-23,-4.956719178966549,26.826115470627414,32.526764531601245,5.737492248597901
2016-10-24,-6.339942142359425,4.368044159472088,19.258249034639352,5.663510981888526
2016-10-25,-142.25129142866356,-27.40962089360704,13.797842824492152,5.645626367593474
2016-10-26,-42.85265264974663,25.19065136993478,16.905036105723184,5.872964651183884
2016-10-26,-42.85265264974663,25.19065136993478,16.905036105723184,5.872964651183884
2016-10-26,-42.85265264974663,25.19065136993478,16.905036105723184,5.872964651183884
2016-10-27,-31.27063628497562,5.912582285227973,25.278250096460933,5.845119603208299
2016-10-27,-31.27063628497562,5.912582285227973,25.278250096460933,5.845119603208299
2016-10-27,-31.27063628497562,5.912582285227973,25.278250096460933,5.845119603208299
2016-10-27,-31.27063628497562,5.912582285227973,25.278250096460933,5.845119603208299
2016-10-28,13.846106457435273,7.746730093061867,111.77208241946569,5.825126800026647
2016-10-28,13.846106457435273,7.746730093061867,111.77208241946569,5.825126800026647
2016-10-30,-13.514197488108268,43.4200186332507,-54.55244360141756,6.582293918012129
2016-10-31,-17.438923621161372,14.272743080995792,64.0521315585541,6.080612320523557
2016-11-01,58.01386092386658,-3.217142700437006,47.79647740668507,5.792838654123259
2016-11-04,-67.3112364706218,-40.791166517271634,89.45468903360639,6.3298969531939075
2016-11-07,96.46771471239455,-14.878528494029405,31.992001938530603,5.830786509891511
2016-11-08,38.930044117893274,-35.5926585916623,26.009989025214317,5.811364010816905
2016-11-08,38.930044117893274,-35.5926585916623,26.009989025214317,5.811364010816905
2016-11-09,80.81208660886065,-26.497224331667546,180.9529013461417,5.863965721348206
2016-11-10,15.538401015229613,-21.67457693795379,326.93742453416144,5.7348436501789815
2016-11-10,15.538401015229613,-21.67457693795379,326.93742453416144,5.7348436501789815
2016-11-11,26.969305104586276,-8.391407813748717,141.63264304488132,5.801918903910857
2016-11-12,86.17730854046843,7.552764410549717,210.53133821145383,5.862412844195895
2016-11-12,86.17730854046843,7.552764410549717,210.53133821145383,5.862412844195895
2016-11-13,125.64174356518197,-43.63304566965731,39.8014504069937,6.005178532424519
2016-11-13,125.64174356518197,-43.63304566965731,39.8014504069937,6.005178532424519
2016-11-13,125.64174356518197,-43.63304566965731,39.8014504069937,6.005178532424519
2016-11-13,125.64174356518197,-43.63304566965731,39.8014504069937,6.005178532424519
2016-11-13,125.64174356518197,-43.63304566965731,39.8014504069937,6.005178532424519
2016-11-13,125.64174356518197,-43.63304566965731,39.8014504069937,6.005178532424519
2016-11-13,125.64174356518197,-43.63304566965731,39.8014504069937,6.005178532424519
2016-11-13,125.64174356518197,-43.63304566965731,39.8014504069937,6.005178532424519
2016-11-13,125.64174356518197,-43.63304566965731,39.8014504069937,6.005178532424519
2016-11-13,125.64174356518197,-43.63304566965731,39.8014504069937,6.005178532424519
2016-11-14,142.70829654837496,-25.411752667992214,35.47800413215823,5.98992959857444
2016-11-14,142.70829654837496,-25.411752667992214,35.47800413215823,5.98992959857444
2016-11-14,142.70829654837496,-25.411752667992214,35.47800413215823,5.98992959857444
2016-11-14,142.70829654837496,-25.411752667992214,35.47800413215823,5.98992959857444
2016-11-15,162.32086527319834,-19.520968793941588,28.76382308993951,5.753720808459813
2016-11-16,6.404607042226136,-23.42178708995479,46.024497336676774,5.662891591384472
2016-11-16,6.404607042226136,-23.42178708995479,46.024497336676774,5.662891591384472
2016-11-17,40.43165337560594,-8.68223033396639,78.5167974428982,5.668010357334899
2016-11-18,-27.149695336530268,-18.79618448821823,56.82200950119233,5.548500182768117
2016-11-20,-14.838553902407096,-28.35674320654085,132.12003896029063,6.391492200911904
2016-11-21,79.48455247384658,-11.26989288669657,22.132116114386058,6.249412674438665
2016-11-21,79.48455247384658,-11.26989288669657,22.132116114386058,6.249412674438665
2016-11-22,144.7976964077301,-26.911453954245452,18.957767792630325,5.935352130290498
2016-11-22,144.7976964077301,-26.911453954245452,18.957767792630325,5.935352130290498
2016-11-23,134.65337910753692,1.0781535976272458,148.80383651320193,5.769689019616328
2016-11-23,134.65337910753692,1.0781535976272458,148.80383651320193,5.769689019616328
2016-11-24,69.33857974183425,34.92945144660667,113.78756657166343,6.0197071054869955
2016-11-24,69.33857974183425,34.92945144660667,113.78756657166343,6.0197071054869955
2016-11-25,82.85104791051899,33.279859130821905,23.77746560791037,6.1374646484449755
2016-11-25,82.85104791051899,33.279859130821905,23.77746560791037,6.1374646484449755
2016-11-28,-15.627676770367744,6.764183655832825,12.481149819471849,5.541216420866666
2016-11-28,-15.627676770367744,6.764183655832825,12.481149819471849,5.541216420866666
2016-11-30,154.09223596953223,-8.133433859166333,29.976588670208173,5.695535359215716
2016-12-01,-3.521018982483432,-18.89000167743494,16.05358434713842,5.7896578373237055
2016-12-01,-3.521018982483432,-18.89000167743494,16.05358434713842,5.7896578373237055
2016-12-03,10.254142586537842,22.36406392614693,107.84246611488776,5.6983394214029905
2016-12-03,10.254142586537842,22.36406392614693,107.84246611488776,5.6983394214029905
2016-12-04,48.67622647571174,3.9165939660425635,97.7341451084492,5.695502063544542
2016-12-05,130.06603321879984,-3.0527841947798526,349.4564774895208,5.994694580090202
2016-12-06,19.97649970664293,5.5126652811872585,122.43831728506716,6.223744492210654
2016-12-06,19.97649970664293,5.5126652811872585,122.43831728506716,6.223744492210654
2016-12-08,120.07897981857789,5.762664184476765,52.25912710131,6.333188314696061
2016-12-08,120.07897981857789,5.762664184476765,52.25912710131,6.333188314696061
2016-12-08,120.07897981857789,5.762664184476765,52.25912710131,6.333188314696061
2016-12-08,120.07897981857789,5.762664184476765,52.25912710131,6.333188314696061
2016-12-08,120.07897981857789,5.762664184476765,52.25912710131,6.333188314696061
2016-12-08,120.07897981857789,5.762664184476765,52.25912710131,6.333188314696061
2016-12-09,115.34238551794715,-2.2345061781590037,29.820311471412833,6.101750626681581
2016-12-09,115.34238551794715,-2.2345061781590037,29.820311471412833,6.101750626681581
2016-12-09,115.34238551794715,-2.2345061781590037,29.820311471412833,6.101750626681581
2016-12-09,115.34238551794715,-2.2345061781590037,29.820311471412833,6.101750626681581
2016-12-09,115.34238551794715,-2.2345061781590037,29.820311471412833,6.101750626681581
2016-12-10,152.56596518611033,-9.812293257736687,46.668216677467335,5.81658153992977
2016-12-10,152.56596518611033,-9.812293257736687,46.668216677467335,5.81658153992977
2016-12-10,152.56596518611033,-9.812293257736687,46.668216677467335,5.81658153992977
2016-12-11,82.92544174179199,-7.141452553849065,42.009705425227125,5.7350258121130935
2016-12-11,82.92544174179199,-7.141452553849065,42.009705425227125,5.7350258121130935
2016-12-14,154.86160963264666,21.569386070824056,4.308467574412601,5.784152671632119
2016-12-14,154.86160963264666,21.569386070824056,4.308467574412601,5.784152671632119
2016-12-16,-126.83889335447992,11.681859841201687,80.46118243725164,5.497025970092337
2016-12-17,159.30829923523856,-1.99330344784977,63.206607991945155,6.31918846640185
2016-12-17,159.30829923523856,-1.99330344784977,63.206607991945155,6.31918846640185
2016-12-17,159.30829923523856,-1.99330344784977,63.206607991945155,6.31918846640185
2016-12-18,70.36367123877491,-7.328990714337099,110.17126792068505,6.115067340600132
2016-12-18,70.36367123877491,-7.328990714337099,110.17126792068505,6.115067340600132
2016-12-18,70.36367123877491,-7.328990714337099,110.17126792068505,6.115067340600132
2016-12-18,70.36367123877491,-7.328990714337099,110.17126792068505,6.115067340600132
2016-12-18,70.36367123877491,-7.328990714337099,110.17126792068505,6.115067340600132
2016-12-18,70.36367123877491,-7.328990714337099,110.17126792068505,6.115067340600132
2016-12-20,148.8103812480101,4.165820169977385,-4.839322884052935,5.869303396974939
2016-12-20,148.8103812480101,4.165820169977385,-4.839322884052935,5.869303396974939
2016-12-20,148.8103812480101,4.165820169977385,-4.839322884052935,5.869303396974939
2016-12-20,148.8103812480101,4.165820169977385,-4.839322884052935,5.869303396974939
2016-12-21,122.32835034540261,2.0639467519812755,57.97183407675768,6.0041773340796265
2016-12-21,122.32835034540261,2.0639467519812755,57.97183407675768,6.0041773340796265
2016-12-24,181.28528079581793,-5.558198279014516,31.900963955978415,5.93576547844522
2016-12-24,181.28528079581793,-5.558198279014516,31.900963955978415,5.93576547844522
2016-12-25,0.16058754999375147,-25.248602601574387,33.822227596630434,6.220800194836828
2016-12-25,0.16058754999375147,-25.248602601574387,33.822227596630434,6.220800194836828
2016-12-27,64.73406240463135,62.39667368275293,114.98470767940434,5.599583354749825
2016-12-28,-60.00581067519101,22.31392460339295,7.753614176755587,5.632386821436933
2016-12-28,-60.00581067519101,22.31392460339295,7.753614176755587,5.632386821436933
2016-12-28,-60.00581067519101,22.31392460339295,7.753614176755587,5.632386821436933
2016-12-28,-60.00581067519101,22.31392460339295,7.753614176755587,5.632386821436933
2016-12-29,0.4173913060158334,25.136780633589947,37.145150553449774,5.773211090775015
2016-12-30,151.37923210015174,11.836697106242596,52.351047300676065,5.890053125872795
